"id","name"
"02-0015","Albrecht, Laurentius"
"02-0017","Altenberger, Bartholomäus"
"02-0019","Ambrosius, Bischof von Mailand"
"02-0020","Amling, Wolfgang"
"02-0021","Andreae d. J., Jakob"
"02-0022","Lange, Andreas"
"02-0023","Brendike, Thomas"
"02-0024","Corner, Christoph"
"02-0030","Apiarius, Matthias"
"02-0031","Arbiter, Peter"
"02-0034","Augustinus, Aurelius"
"02-0039","Badius, Konrad"
"02-0040","Balhorn, Johannes"
"02-0041","Bapst, Valentin"
"02-0042","Bartenbach, Johannes"
"02-0043","Bartmann, Philipp"
"02-0044","Berwald, Jakob"
"02-0046","Basse, Nikolaus"
"02-0047","Baumann, Georg"
"02-0048","Becker, Konrad"
"02-0049","Behem, Franz"
"02-0050","Berger, Thiebold"
"02-0052","Besselmeier, Sebastian"
"02-0053","Beyer, Johannes"
"02-0054","Binder, Hans"
"02-0055","Birckmann, Arnold"
"02-0061","Bouquin, Pierre"
"02-0062","Boye, Peter"
"02-0064","Braubach, Peter"
"02-0067","Brem, Esaias"
"02-0069","Bruchsalius, Alexander"
"02-0070","Brück, Christian"
"02-0071","Bucher, Peter"
"02-0072","Bund, Sigmund"
"02-0073","Bundmann, Erhard"
"02-0074","Burchardi, Franz"
"02-0075","Burger, Hans"
"02-0089","Camerarius, Joachim"
"02-0090","Canisius, Petrus"
"02-0091","Kohl, Hans"
"02-0092","Cholinus, Maternus"
"02-0094","Christian, Theodor"
"02-0097","Schneider, Matthias"
"02-0098","Chyakius, Micael"
"02-0099","Civile, Marco"
"02-0100","Clamer, Balthasar"
"02-0101","Cnodius, Johannes"
"02-0102","Schirmer, Albert"
"02-0103","Corthoys, Antonius"
"02-0104","Rab, Georg"
"02-0105","Cranmer, Thomas"
"02-0106","Crespin, Jean"
"02-0107","Kreutzer, Veit"
"02-0108","Kröner, Michael"
"02-0109","Ctematius, Gellius"
"02-0110","Curio, Wolfgang"
"02-0111","Daneau, Lambert"
"02-0114","Daubmann, Hans"
"02-0116","de Soto, Pedro"
"02-0119","Deffner, Georg"
"02-0121","Delenus, Daniel"
"02-0127","Diesbach, Nicolaus von"
"02-0128","Dietz, Ludwig"
"02-0130","Dominicus Aquinas"
"02-0133","Dreher, Konrad"
"02-0134","Dürnhofer, Laurenz"
"02-0135","Eberhard, Caspar"
"02-0140","Eysenberg d. Ä., Jacob"
"02-0142","Elchanan, Paulus"
"02-0143","Elephant, Christoph"
"02-0144","Emmel, Samuel"
"02-0145","Erich von Braunschweig, Erich"
"02-0150","Faber, Paul"
"02-0151","Fabricius, Blasius"
"02-0153","Ferber, Augustin, d. Ä."
"02-0155","Franck, Bartholomäus"
"02-0159","Eschner, Johann"
"02-0160","Freyhub, Andreas"
"02-0161","Fries, Augustin"
"02-0162","Fritsche, Ambrosius"
"02-0163","Frölich, Jakob"
"02-0164","Froschauer, Christoph"
"02-0165","Froschauer, Christoph"
"02-0167","Michael III. Graf von Wertheim, Herr zu Breuberg"
"02-0168","Galatino, Pietro"
"02-0169","Gammel, Michael"
"02-0170","Gasser, Achilles Pirmin"
"02-0171","Gaubisch, Urban"
"02-0172","Gegler, Hans"
"02-0174","Gehne, Andreas"
"02-0175","Geißler, Heinrich"
"02-0181","Gennep, Jaspar von"
"02-0182","Gera, Ernst von"
"02-0183","Gérard, Jean"
"02-0184","Gerlach, Dietrich"
"02-0185","Gernhard, Bartholomäus"
"02-0186","Giseke, Matthäus"
"02-0188","Gnipheus, Johannes"
"02-0189","Göbel, Simon"
"02-0190","Gottfried, Jakob"
"02-0191","Gogreve, Mento"
"02-0192","Górka, Stanisław"
"02-0194","Mansfeld, Vollrad von"
"02-0195","Gruppenbach, Georg"
"02-0196","Grynaeus, Johann Jakob"
"02-0197","Gudenus, Johannes"
"02-0198","Günther, Wolfgang"
"02-0199","Gwalther, Rudolf"
"02-0202","Hamsing, Hermann"
"02-0203","Hantzsch, Georg"
"02-0204","Harnisch, Matthaeus"
"02-0207","Henricus, Nikolaus"
"02-0210","Heller, Joachim"
"02-0212","Herzogin von Schlesien, Herrin von Liegnitz, Anna"
"02-0219","Heußler, Christoph"
"02-0221","Hock, Alexander"
"02-0222","Hoffmann, Thomas"
"02-0223","Hofmann, Adam"
"02-0224","Hollin, Joachim"
"02-0225","Holthuter, Thomas"
"02-0226","Horn, Konrad"
"02-0227","Horst, Jakob"
"02-0228","Hosius, Stanislaus"
"02-0229","Hüttich, Günther"
"02-0230","Hüttich Witwe, Günther"
"02-0232","Isinder, Melchior"
"02-0233","Jewel, John"
"02-0234","J.B.V.S,"
"02-0238","Isenmann, Johannes"
"02-0239","Oekolampad, Johannes"
"02-0241","Junckebauer, Sebastian"
"02-0242","Korndorffer, Bartholomaeus"
"02-0245","Kein Herausgeber angegeben"
"02-0248","Keller, Andreas"
"02-0249","Kempf, Pankraz"
"02-0250","Kieswetter, Hieronymus"
"02-0255","Kirchner, Wolfgang"
"02-0256","Klug, Josef"
"02-0257","Knorr, Nikolaus"
"02-0258","Kolbe, Andreas"
"02-0260","Kommerell, Anastasius"
"02-0261","König, Gotthard"
"02-0262","Krafft, Johann"
"02-0265","Kröger, Aswer"
"02-0266","Kündig, Jakob"
"02-0276","Lach, Johann"
"02-0278","Lang, Johann"
"02-0279","Lauterwein, Christian (Pseudonym?)"
"02-0280","Lechler, Martin"
"02-0281","Leyser d. Ä., Polycarp"
"02-0282","Libius, Christophorus"
"02-0283","Liechtensteyger, Michael"
"02-0285","Lotter, Michael"
"02-0286","Louwe, Joachim"
"02-0287","Lucius, Jakob"
"02-0288","Luck, Ludwig"
"02-0289","Lufft, Hans"
"02-0296","Ceulen, Peter van"
"02-0297","Ma&#322;ecki, Hieronim"
"02-0302","Mayer, Johann"
"02-0305","Manlius, Nikolaus"
"02-0310","Mappus, Johannes"
"02-0311","Maranus, Andreas"
"02-0313","Marstaller d. Ä., Gervasius"
"02-0314","Matthias, Thomas"
"02-0315","Doering, Matthias"
"02-0316","Mayer, Georg"
"02-0318","Mechler, Esaias"
"02-0320","Merkel, Georg"
"02-0321","Merckel, Valentin"
"02-0322","Meurer von Henichen, Michael"
"02-0323","Mey, Burckhart"
"02-0324","Micronius, Marten"
"02-0325","Mierdmann, Stephan"
"02-0326","Minckwitz, Erasmus von"
"02-0329","Mordeisen, Ulrich von"
"02-0330","Mörfeld, Katharina"
"02-0331","Morhart, Ulrich, Witwe"
"02-0332","Morhart, Ulrich, d. J."
"02-0333","Morhart, Ulrich, d. Ä."
"02-0334","Morich, Andreas"
"02-0335","Moser, Wolfgang"
"02-0336","Mostelius, Wolffgang"
"02-0337","Müller, Christian d. Ä."
"02-0338","Münster, Ludwig"
"02-0339","Murzynowski, Stanisław"
"02-0340","Möllemann, Stephan"
"02-0343","Nemorimontius, Gelmerus"
"02-0345","Neupeck, Georg"
"02-0346","Nicolaus, Oresmius"
"02-0347","Olearius, Johann"
"02-0348","Opitz, Josua"
"02-0349","Oporinus, Johannes"
"02-0351","Osterberger, Georg"
"02-0352","Otmar, Valentin"
"02-0353","Palladius, Peder"
"02-0354","Palmerius, Johannes"
"02-0363","Peletier, François"
"02-0364","Perna, Peter"
"02-0365","Seitz, Peter"
"02-0366","Petrarca, Francesco"
"02-0367","Petreius, Johannes"
"02-0368","Petreus, Heinrich"
"02-0369","Petri, Andreas"
"02-0370","Petrowijth, Petrus"
"02-0372","Wolfgang von Pfalz-Zweibrücken"
"02-0376","Pfeil, Franz"
"02-0377","Pfeilschmid, Wolf"
"02-0378","Pfeilschmidt, Matthaeus"
"02-0379","Pflacher, Moses"
"02-0380","Phauser, Johannes Sebastian"
"02-0381","Philaletes, Eusebius"
"02-0382","Pincier, Johann d. Ä."
"02-0383","Pinedanus, Alphonsus"
"02-0384","Pistorius, Thomas Ulrich"
"02-0386","Poelden, Hieronymus"
"02-0390","Pouchenius, Andreas"
"02-0411","Queck, Paul"
"02-0412","Quentell, Johann"
"02-0414","Radecker, Kaspar"
"02-0415","Ramsbeck, Willibald"
"02-0416","Ranfft, Johannes"
"02-0432","Rausch, Georg"
"02-0433","Rebart, Thomas"
"02-0434","Reffeler, Paul"
"02-0437","Reich, Stephan"
"02-0438","Reiffenstein, Wilhelm von"
"02-0439","Reinecker, Paul"
"02-0442","Resselius, Nicolaus"
"02-0443","Heinrich XV., der Mittlere, Reuß von Plauen zu Greiz, Gera und Kranichfeld"
"02-0444","Rambau, Hans"
"02-0445","Rhau, Georg"
"02-0447","Rhedinger, Joachim"
"02-0448","Rhode, Jakob"
"02-0450","Rhodius, Wolfgang"
"02-0451","Richolff, Jürgen"
"02-0452","Richtzenhan, Donat"
"02-0453","Riedesel, Adolf Hermann"
"02-0454","Rihel, Theodosius"
"02-0455","Ritzenberg, Johann"
"02-0456","Riverius, Abel"
"02-0457","Rödinger, Christian d. J."
"02-0458","Rödinger, Christian"
"02-0460","Rogers, John"
"02-0461","Rhode, Jakob"
"02-0462","Roland, Martin"
"02-0465","Rosenthal, Lukas"
"02-0466","Rosinus, Bartholomaeus"
"02-0467","Rutilius, Wenceslaw"
"02-0470","Sachsse, Barbara"
"02-0476","Saltzer, Emanuel"
"02-0477","Sartor, Albert"
"02-0478","Schack von Stangenberg, Wenceslaus"
"02-0479","Schalling, Martin d. J."
"02-0480","Scharffenberg, Crispin"
"02-0481","Scheidlich, Johannes"
"02-0482","von Schele, Caspar"
"02-0483","Schermer, Georg"
"02-0484","Schirat, Michael"
"02-0485","Schlecht, Wilhelm"
"02-0486","Schmid, Peter"
"02-0487","Schmuck, Michael"
"02-0488","Schnauss, Cyriacus"
"02-0489","Schoff, Gotsche genannt, Hans"
"02-0490","Schöffer, Ivo"
"02-0491","Schonwitz, Lukas und Balthasar"
"02-0492","Schopper, Jakob"
"02-0493","Schoppe, Andreas"
"02-0495","Schuman, Wolfgang"
"02-0496","Schurstab, Hieronymus"
"02-0497","Schwenck, Lorenz"
"02-0499","Schwertel, Johann"
"02-0503","Seelfisch, Samuel"
"02-0506","Serrarius, Johannes"
"02-0508","Simoni, Simone"
"02-0509","Sinapius, Simon"
"02-0510","Spar, Christoph"
"02-0511","Specker, Melchior"
"02-0512","Sperling, Albert"
"02-0513","Sprockhoff, Berthold"
"02-0516","Mass, Christoph"
"02-0517","Steinhaus, Werner"
"02-0518","Steinmann, Hans"
"02-0519","Stephanus, Henricus"
"02-0520","Stille, Johannes"
"02-0521","Stöckel d.Ä., Matthes"
"02-0522","Stolberg, Christophorus"
"02-0523","Straube, Dietrich"
"02-0524","Strele, Bartholomäus"
"02-0528","Sturio, Johannes"
"02-0529","Stürmer, Wolfgang"
"02-0530","Stürmer, Gervasius"
"02-0531","Sundermann,"
"02-0534","Sylvius, Emmerich"
"02-0536","Tauler, Johannes"
"02-0539","Teuber d. Ä., Michael"
"02-0556","Ravesteyn, Josse van"
"02-0557","Tinctorius, Matthias"
"02-0560","Lucius, Jacob"
"02-0561","Treuer, Peter"
"02-0562","Trolle, Herluf"
"02-0563","Tröster, Jakob"
"02-0564","Otto, Augsburg, Bischof"
"02-0567","Tüppenhak, Gregor"
"02-0570","Ulhart, Philipp d. J."
"02-0571","Ulhart d. Ä., Philipp"
"02-0572","Varnier, Hans d. J."
"02-0573","unbekannter Autor, "
"02-0574","Unger, Benedict"
"02-0575","Ungnad, Adam"
"02-0576","Hans III. Ungnad von Weissenwolff Freiherr von Sonnegg"
"02-0580","Vergilius, Polydorus"
"02-0583","Köhler, Matthias"
"02-0584","Vignon, Eustachius"
"02-0585","Vietz, Peter"
"02-0586","Vir pius, "
"02-0589","Vögelin, Ernst"
"02-0590","Voit, David"
"02-0591","Volmarius, Markus"
"02-0592","Alvensleben, Joachim von"
"02-0593","von Bert, Werner"
"02-0594","Georg Friedrich, Brandenburg-Ansbach, Markgraf, 1539-1603"
"02-0595","Büren, Daniel von, d. J."
"02-0596","Thann, Eberhard von"
"02-0597","Dolgen, Merten von"
"02-0598","von Hildeshen, Johann"
"02-0599","von Meiendorf, Andreas"
"02-0600","von Menzingen, Bernhard"
"02-0601","Polheim, Andreas Wolfgang von"
"02-0602","von Schaumberg, Veit Ulrich"
"02-0603","von Syberg, Georg"
"02-0604","von Zedlitz auf Neukirch, Sebastian"
"02-0605","Vrymersheim, Petrus"
"02-0606","Wagner, Philipp"
"02-0607","Walden, Joachim"
"02-0608","Walther, Christoph"
"02-0609","Walther, Hans"
"02-0610","Wechel, Andreas"
"02-0611","Wedemann, Johann"
"02-0612","Weigel, Valentin"
"02-0613","Weinreich, Hans"
"02-0614","Weissenhorn, Alexander III."
"02-0615","Welack, Matthäus"
"02-0616","Wenzel, Anna"
"02-0617","Verwithagen (Withagius), Jan (Joannes)"
"02-0618","Wickradt, Johann, d. J."
"02-0620","Wieland, Israel"
"02-0621","Wincke, Johann"
"02-0622","Winter, Balthasar"
"02-0623","Wirt, Johannes"
"02-0630","Verwithagen, Jan"
"02-0631","Wolfgang Pfaltzgraf bei Rhein, Herzog"
"02-0632","Wolrab, Johann(Todesjahr auch 1592)"
"02-0633","Worffschauffel, Stanislaw (Stenczel)"
"02-0637","Zigerius, Emericus"
"02-0638","Zimmermann, Johann"
"02-0639","Zöpfel, David"
"02-0640","Anna Herzogin von Pommern-Stettin, geb. Prinzessin von Braunschweig-Lüneburg"
"02-0644","Zwingli, Huldrych"
"02-0646","Aepin, Johannes (eigentlich Hoeck)"
"02-0647","Agricola, Johann (auch: Schnitter, Eisleben, Islebius, Sneider, Sartor)"
"02-0648","Agricola d.J., Stephan"
"02-0649","Alard (Alardus), Franz"
"02-0650","Alber, Erasmus"
"02-0651","Albinus, Petrus (auch: Weiß, Weis)"
"02-0652","Albrecht Markgraf von Brandenburg-Ansbach, Herzog in Preußen"
"02-0653","Alesius, Alexander (auch Aless, Ales, Hales)"
"02-0654","Amsdorf (Amsdorff), Nikolaus"
"02-0655","Andreae, Jakob"
"02-0656","Aquila, Kaspar (auch: Adeler, Adler)"
"02-0657","Aurifaber, Johannes"
"02-0658","Autumnus, Georg (auch Herbst)"
"02-0659","Barth, Georg (auch: Barthius, Bart)"
"02-0660","Bauerschmidt, Johannes"
"02-0661","Bechel, Leonhard (Rivulus)"
"02-0662","Berner, Alexander"
"02-0663","Beurlin, Jakob"
"02-0664","Beyer, Hartmann"
"02-0665","Beyer, German"
"02-0666","Beza (de Bèze), Theodor"
"02-0667","Bilaw, Stefan „von Osthatz“"
"02-0668","Blesensis, Petrus (auch Petrus von Blois)"
"02-0669","Blochinger, Matthias/Matthhäus (auch Plochinger, Blöchinger)"
"02-0670","Bodecker, Johannes (auch Bötker?)"
"02-0671","Bodenburg, Daniel"
"02-0672","Boethius, Sebastian (eigentl. Böte; auch Bötius, Boetius, Boëtius)"
"02-0673","Brenz, Johannes"
"02-0674","Bucer, Martin (auch Butzer)"
"02-0675","Bucholtzer, Georg (auch Buchholzer, Buchholtzer)"
"02-0676","Bugenhagen, Johannes d.Ä. (auch Pomeranus)"
"02-0677","Bugenhagen, Johannes d.J."
"02-0678","Bullinger, Heinrich"
"02-0679","Buxschot, Adrian (auch Boeckschot, Boeckxschot)"
"02-0680","Caesar, Philipp (auch Keyser, Kayser)"
"02-0681","Calvin, Johannes"
"02-0682","Cancerinus, Nikolaus"
"02-0683","Cassander, Georg"
"02-0684","Castellio, Sebastian (Châteillon)"
"02-0685","Chemnitz, Martin"
"02-0686","Christianus, Adam (Pseudonym, eigentlich Johannes Anastasius)"
"02-0687","Christoph von Württemberg"
"02-0688","Chytraeus, David"
"02-0689","Cleber, Eusebius"
"02-0690","Cochlaeus, Johannes"
"02-0691","Coelestin, Johann Friedrich"
"02-0692","Coelius, Michael, (auch Caelius)"
"02-0693","Cracow, Georg"
"02-0694","Crell, Sebastian"
"02-0695","Crell, Paul"
"02-0696","Cruciger, Caspar d.J."
"02-0697","Cruciger, Caspar d.Ä."
"02-0698","Culmann, Leonhard"
"02-0699","Cureus, Joachim"
"02-0700","Dathenus, Petrus"
"02-0701","David, Ferenc (Franz Davidis)"
"02-0702","Degen, Jakob"
"02-0703","Diassorinos, Jakob"
"02-0704","Dietrich, Veit"
"02-0705","Dirr, Rupert (auch Dürr, Ruprecht)"
"02-0706","Eber, Paul"
"02-0707","Eck, Wilhelm (Eccius) Radensis"
"02-0708","Eisengrein, Martin (auch Eisengrin, Isengrin)"
"02-0709","Eitzen, Paul von"
"02-0710","Epplin, Ottmar"
"02-0711","Erastus, Thomas (auch Lüber)"
"02-0712","Faber, Basilius"
"02-0713","Fabri, Johannes"
"02-0714","Fabricius, Andreas"
"02-0715","Ferinarius, Johannes"
"02-0716","Flacius, Matthias"
"02-0717","Franck, Jonas"
"02-0718","Freder, Johannes"
"02-0719","Fulda, Andreas"
"02-0720","Funck, Johannes"
"02-0721","Gallus, Nikolaus (eigentlich Hahn)"
"02-0722","Gallus, Johannes"
"02-0723","Garcäus, Johannes d. J. (auch Garze, Gartz u.ä.)"
"02-0724","Garcäus, Johannes d. Ä. (auch Garze, Gartz u.ä.)"
"02-0725","Georg III. von Anhalt („der Gottselige“)"
"02-0726","Gigas, Johannes (auch Ries, Riess, Heune, Henne)"
"02-0727","Glaser, Petrus"
"02-0728","Gnapheus, Wilhelm (auch de Volder, Fullonius Haganus)"
"02-0729","Greff, Joachim"
"02-0730","Gribaldi, Matteo"
"02-0731","Grünfeld, Friedrich"
"02-0732","Hamelmann, Hermann"
"02-0733","Hardenberg, Albert (auch Rizäus)"
"02-0734","Haubold, Hieronymus"
"02-0735","Heerbrand, Jakob"
"02-0736","Heidenreich, Esaias"
"02-0737","Heldelin d.J., Caspar"
"02-0738","Helding, Michael"
"02-0739","Helt, Caspar (ungar. Gáspár HELTAI)"
"02-0740","Herxheimer, Bernhard"
"02-0741","Heshusius, Tilemann"
"02-0742","Heusenstamm, Sebastian von"
"02-0743","Heyden, Sebald"
"02-0744","Hilten, Johann (Johannes Herwich aus Ilten)"
"02-0745","Hocker, Jodocus (auch Höcker)"
"02-0746","Hoppenrod, Andreas"
"02-0747","Huberinus, Kaspar (auch Huber, Huober)"
"02-0748","Hugo, Johann"
"02-0749","Irenaeus, Christoph"
"02-0750","Jacobi, Leonhard"
"02-0751","Johann Albrecht I., Herzog von Mecklenburg"
"02-0752","Johann Friedrich von Sachsen (gen. „der Großmütige“)"
"02-0753","Johann Wilhelm von Sachsen"
"02-0754","Jonas, Justus"
"02-0755","Judex, Matthäus (auch Richter)"
"02-0756","Karg, Johannes (Parsimonius)"
"02-0757","Kenkel, Dietmar (auch Kenckel, Kenkelius)"
"02-0758","Kirchner, Timotheus"
"02-0759","Klebitz, Wilhelm (auch Klebiz, Klebitius)"
"02-0760","Knipstro, Johannes"
"02-0761","Körber, Otto (auch Korber, Otho)"
"02-0762","Krage, Tilemann (auch Kragen, Cragius, Tilomann)"
"02-0763","Krautwald, Valentin"
"02-0764","Lagus, Josua"
"02-0765","Lampadius, Auctor"
"02-0766","Lasco, Johannes a"
"02-0767","Lasius, Christoph"
"02-0768","Latomus, Bartholomaeus"
"02-0769","Lauterwald, Matthias"
"02-0770","Lavater, Ludwig"
"02-0771","Listhenius, Georg (auch Lysthenius)"
"02-0772","Lotichius Secundus, Petrus"
"02-0773","Lozeleur de Villiers, Pierre (auch Loyseleur, Loselerrius, de Villers)"
"02-0774","Magdeburg, Joachim"
"02-0775","Major, Georg"
"02-0776","Major, Johann"
"02-0777","Marbach, Johannes"
"02-0778","Mathesius, Johannes"
"02-0779","Matthaeus, Johannes"
"02-0780","Meckhardt, Johann"
"02-0781","Medler, Nikolaus"
"02-0782","Melanchthon, Philipp"
"02-0783","Melissander, Kaspar (eigentlich Kaspar Bienenmann)"
"02-0784","Menius, Justus"
"02-0785","Menzel, Hieronymus"
"02-0786","Moller, Heinrich"
"02-0787","Morgenstern, Benedikt"
"02-0788","Mörlin, Maximilian"
"02-0789","Mörlin, Joachim"
"02-0790","Mosheim, Ruprecht von"
"02-0791","Musaeus, Simon"
"02-0792","Musculus, Wolfgang (Pseudonym: Eutychius Myo)"
"02-0793","Musculus, Andreas"
"02-0794","Negri, Francesco (gen. Bessamonte)"
"02-0795","Neodesianus, Paul"
"02-0796","Obenhin, Christoph (auch Obenheim, Obernheim)"
"02-0797","Ochino, Bernardino"
"02-0798","Olevian, Kaspar"
"02-0799","Orth, Zacharias"
"02-0800","Osiander, Andreas"
"02-0801","Osiander, Lukas"
"02-0802","Abbas (Pseudonym von Anton Otho (Otto) aus Nordhausen), Anton"
"02-0803","Patiens, Petrus (auch Gedultius, Gedultig)"
"02-0804","Pauli, Simon"
"02-0805","Peltanus, Theodor Anton (eig. Theodor Anton aus Overpelt)"
"02-0806","Peristerus, Wolfgang (auch Tauber)"
"02-0807","Peristerus, Hieronymus"
"02-0808","Peucer, Caspar"
"02-0809","Pezel, Christoph"
"02-0810","Pfeffinger, Johann"
"02-0811","Pflug, Julius von"
"02-0812","Placotomus, Johannes (auch Brettschneider, Bredtschneider)"
"02-0813","Poach, Andreas"
"02-0814","Pollicarius, Johannes (eigentlich Daum oder Däumling)"
"02-0815","Ponet, John"
"02-0816","Postel, Guillaume"
"02-0817","Poullain, Valerand"
"02-0818","Praetorius, Andreas"
"02-0819","Praetorius, Petrus"
"02-0820","Praetorius, Abdias"
"02-0821","Praetorius, Zacharias"
"02-0822","Rabus, Ludwig"
"02-0823","Rauscher, Hieronymus"
"02-0824","Rhegius, Urbanus"
"02-0825","Ritter, Raphael"
"02-0826","Rörer, Thomas (auch Rorer, Roerer)"
"02-0827","Roting, Michael"
"02-0828","Rudinger, Esrom"
"02-0829","Runge, Jakob (auch Rungius)"
"02-0830","Saccus, Siegfried"
"02-0831","Sarcerius, Erasmus"
"02-0832","Sarcerius, Wilhelm"
"02-0833","Schlüsselburg, Conrad"
"02-0834","Schnepf, Theodor"
"02-0835","Schnepf, Erhard"
"02-0836","Schütz, Johannes II"
"02-0837","Schütz, Johannes I"
"02-0838","Schwenckfeld von Ossig, Caspar"
"02-0839","Sciurus, Johannes (auch: Eichorn, Aichorn)"
"02-0840","Segebadius, Eilert"
"02-0841","Selnecker, Nikolaus"
"02-0842","Simler, Josias (auch Simmler)"
"02-0843","Simonius, Simon (auch: Amadeus Curtius Ticinensis)"
"02-0844","Sozomenos, Salamenes Hermeios"
"02-0845","Spangenberg, Cyriakus"
"02-0846","Spangenberg, Johann (auch Hardesianus, Herdesianus)"
"02-0847","Stancaro, Francesco d. Ä."
"02-0848","Staphylus, Friedrich"
"02-0849","Stigel, Johannes"
"02-0850","Stoltz, Johann"
"02-0851","Stössel, Johann"
"02-0852","Strigel, Victorinus"
"02-0853","Stymmelius, Christoph (auch Stummel, Stymmel)"
"02-0854","Sybold, Jakob"
"02-0855","Sylvanus, Johannes (auch Silvan)"
"02-0856","Thamer, Theobald"
"02-0857","Timann, Johannes (auch Amsterdamus, Amsteredamus etc.)"
"02-0858","Torquatus, Georg (auch Halsband)"
"02-0859","Tossanus, Daniel d.Ä. (auch Toussain)"
"02-0860","Tribauer, Esaias"
"02-0861","Tucher, Stephan"
"02-0862","Ursin, Zacharias"
"02-0863","Velius, Johannes (auch Feel)"
"02-0864","Venatorius, Thomas (eigentlich Gechauf, auch Jäger)"
"02-0865","Venediger, Georg von (Venetus)"
"02-0866","Vergerio, Pietro Paolo"
"02-0867","Vermigli, Pietro Martire"
"02-0868","Via, Johannes a"
"02-0869","Vigilius von Trient"
"02-0870","Villegaignon, Nicolas Durand de"
"02-0871","Vischer, Christoph (auch Piscator, Fischer)"
"02-0872","Vogel, Matthaeus"
"02-0873","Waldner, Wolfgang"
"02-0874","Weller, Hieronymus von Molsdorf"
"02-0875","Wesenbeck, Johannes"
"02-0876","Westphal, Joachim"
"02-0877","Weyssenburger, Wolfgang"
"02-0878","Widebram, Friedrich"
"02-0879","Wigand, Johannes"
"02-0880","Willing, Johannes"
"02-0881","Winnigstedt, Johannes"
"02-0882","Winsheim, Veit (eigentlich Oertel, auch Winshemius, Vuincemius)"
"02-0883","Witzel, Georg"
"02-0884","Wolf, Martin"
"02-0885","Zanger, Johann (gen. Oenipontanus)"
"02-0886","Ziegler, Bernhard"
"02-0887","Habermann, Johann"
"02-0888","Gröpp, Hans"
"02-0889","Methodius, Jodocus"
"02-0890","Servet, Michael"
"02-0891","Rupp, Tobias"
"02-0892","Neuber, Ulrich"
"02-0893","Menius, Eusebius"
"02-0894","Maius, Lucas"
"02-0895","Varel, Edo Hilderich von"
"02-0896","Theodoricus, Sebastianus"
"02-0897","Philipp I. Herzog v. Pommern-Wolgast"
"02-0898","Radziwill, Nikolaus"
"02-0899","Schütz, Christian"
"02-0900","Hofmann, Daniel"
"02-0901","Brem, Petrus"
"02-0902","Rother, Adam"
"02-0903","Pierius, Urbanus"
"02-0904","Hieronymus Besold"
"02-0905","Porta, Konrad"
"02-0906","Rosa, Johannes"
"02-0907","Glauburg, Adolf von"
"02-0908","Lechner, Jacob"
"02-0909","Homberger, Jeremias"
"02-0910","Schardius, Simon"
"02-0911","Distelmeyer, Lamprecht"
"02-0912","Brandenburg, Joachim Friedrich von"
"02-0913","Alkuin (Berater Karls d. Gr.)"
"02-0914","Kaiser Ferdinand I."
"02-0915","Papst Gregor I."
"02-0916","Hieronymus, Sophronius Eusebius"
"02-0917","Karl V., Kaiser"
"02-0918","Feyerabend, Sigmund"
"02-0919","Braunschweig-Lüneburg, Elisabeth von"
"02-0920","Heimburg, Gregor (von)"
"02-0921","Heinrich d. J."
"02-0922","Brenner, Walter"
"02-0923","Episcopius, Eusebius"
"02-0924","Förster d.Ä., Johannes"
"02-0925","Geßner, Andreas"
"02-0926","Geßner, Hans Jakob"
"02-0927","Hartmann, Joachim"
"02-0928","Hegemon, Peter"
"02-0929","Johannes Heincelius"
"02-0930","Schleich, Clemens"
"02-0931","Schöne, Anton"
"02-0932","Teckler, Johannes"
"02-0933","Valesianus, Alphaeus"
"02-0934","Venatorius, Martin"
"02-0935","Werner, Johann Sigismund"
"02-0936","Wittich, Hieronymus"
"02-0937","Praetorius, Paulus"
"02-0938","Berg, Johann vom"
"02-0939","Schneidewein, Johann"
"02-0940","Langevoit, Georg"
"02-0941","Albinus, Christoph"
"02-0942","Heinrich, Martin"
"02-0943","Hügel, Andreas"
"02-0944","Bergen, Gimel"
"02-0945","Calenius, Gerwin"
"02-0946","Wolff, Martin"
"02-0947","von Wangenheim, Georg"
"02-0948","Katharina Besold"
"02-0949","Heinrich d. Mittlere"
"02-0950","Matthias, Thomas"
"02-0951","Houwaert, Balthazar"
"02-0952","Corvinus, Andreas"
"02-0953","Dietrich, Sebastian"
"02-0954","Johann Wilhelm Herzog von Sachsen-Weimar"
"02-0955","Brenner, Anton"
"02-0956","Köpfel, Philipp"
"02-0957","Dietrich, Theobald"
"02-0958","Hans III. Ungnad von Weissenwolff Freiherr von Sonnegg"
"02-0959","Prem, Petrus"
"02-0960","Cotta, Johann"
"02-0961","Homberg, Jeremias"
"02-0962","Johann Friedrich Herzog von Sachsen"
"02-0964","vom Berg, Johann"
"02-0965","Colerus, Jacobus"
"02-0966","Barnim IX."
"02-0967","Rot, Matthias"
"02-0968","Theobald, Andreas"
"02-0969","Eberhard, Caspar"
"02-0970","Eberhard, Caspar"
"02-0971","Biandrata, Giorgio"
"02-0972","Langvoit, Georg"
"02-0975","Albrecht, Hans"
"02-0993","u.a."
"02-0994","Kurfürsten"
"02-0995","Becken, Jakob"
"02-0996","Irtenberger, Thomas"
"02-0998","Fredeland, Lampert"
"02-0999","Schumannus, Wolfgang"
"02-1001","Wesenbeck, Matthias"
"02-1002","Friedrich, Joachim"
"02-1003","M. C. B. V."
"02-1004","Vetter, Johannes"
"02-1005","Cursor, Lorenz"
"02-1006","von der Lindt, Wilhelm"
"02-1007","Wagner, Bartholomäus"
"02-1008","Wagner, Johann"
"02-1009","Hoppe, Johann"
"02-1010","d'Arras, Jean"
"02-1011","Basset, Odinet"
"02-1012","Köpfel, Paul"
"02-1013","Bellinckhoven, Otto"
"02-1014","von Berth, Heinrich"
"02-1015","Bern Heshusius Ratsherren zu Wesel"
"02-1016","Necker, Georg"
"02-1017","Geier  d.Ä., Jakob"
"02-1018","Walter, Hulderich"
"02-1019","Zobel, Martin"
"02-1020","Schmid, Ulrich"
"02-1021","Fricke, Hans"
"02-1022","Fricke, Mattheus"
"02-1023","Winther, Cyriakus"
"02-1029","Luther, Martin"
